"gene","AUC_train","AUC_valid"
"ALDH2",0.940243902439024,0.78448275862069
"FN1",0.908536585365854,0.915450928381963
"VNN2",0.974390243902439,0.709549071618037
"CREB5",0.763414634146341,0.486737400530504
"XAF1",0.778048780487805,0.594827586206897
"CA2",0.965853658536585,0.912466843501326
"CDKN1B",0.967073170731707,0.694960212201592
"IFI44L",0.626829268292683,0.622679045092838
"SYTL2",0.778048780487805,0.496021220159151
"TSPYL5",0.924390243902439,0.731432360742706
